Workbook

Sheet Test Cases
A1: Test Case ID | B1: Module | C1: Scenario | D1: Preconditions | E1: Test Steps | F1: Test Data | G1: Expected Result | H1: Priority | I1: Test Type | J1: Actual Result | K1: Status
A2: TC_LOGIN_001 | B2: Login | C2: Login with valid credentials | D2: User is on login page | E2: Enter username → Enter password → Click Login | F2: standard_user / secret_sauce | G2: User is logged in and Products page is displayed | H2: High | I2: Positive
A3: TC_LOGIN_002 | B3: Login | C3: Login with invalid username | D3: User is on login page | E3: Enter invalid username → Enter valid password → Click Login | F3: wrong_user / secret_sauce | G3: Error message is displayed | H3: High | I3: Negative
A4: TC_LOGIN_003 | B4: Login | C4: Login with invalid password | D4: User is on login page | E4: Enter valid username → Enter invalid password → Click Login | F4: standard_user / wrong_password | G4: Error message is displayed | H4: High | I4: Negative
A5: TC_LOGIN_004 | B5: Login | C5: Login with invalid username and password | D5: User is on login page | E5: Enter invalid username → Enter invalid password → Click Login | F5: wrong_user / wrong_password | G5: Error message is displayed | H5: High | I5: Negative
A6: TC_LOGIN_005 | B6: Login | C6: Login with empty username | D6: User is on login page | E6: Leave username empty → Enter password → Click Login | F6: Empty / secret_sauce | G6: Username required validation is displayed | H6: High | I6: Negative
A7: TC_LOGIN_006 | B7: Login | C7: Login with empty password | D7: User is on login page | E7: Enter username → Leave password empty → Click Login | F7: standard_user / Empty | G7: Password required validation is displayed | H7: High | I7: Negative
A8: TC_LOGIN_007 | B8: Login | C8: Login with both fields empty | D8: User is on login page | E8: Leave both fields empty → Click Login | F8: Empty / Empty | G8: Required-field validation is displayed | H8: High | I8: Negative
A9: TC_LOGIN_008 | B9: Login | C9: Verify password masking | D9: User is on login page | E9: Enter password in password field | F9: secret_sauce | G9: Password characters are masked | H9: Medium | I9: Functional
A10: TC_LOGIN_009 | B10: Login | C10: Verify Login button | D10: User is on login page | E10: Observe Login button → Click Login | F10: N/A | G10: Login button is visible and functional | H10: Medium | I10: Functional
A11: TC_LOGIN_010 | B11: Login | C11: Login with locked-out user | D11: User is on login page | E11: Enter locked user credentials → Click Login | F11: locked_out_user / secret_sauce | G11: Appropriate locked-user error message is displayed | H11: High | I11: Negative
A12: TC_PROD_001 | B12: Products | C12: Verify Products page after login | D12: Valid credentials available | E12: Login successfully | F12: standard_user / secret_sauce | G12: Products page is displayed | H12: High | I12: Positive
A13: TC_PROD_002 | B13: Products | C13: Verify product count | D13: User is on Products page | E13: Count displayed products | F13: N/A | G13: Six products are displayed | H13: High | I13: Functional
... A41: TC_LOGOUT_004 | B41: Logout | C41: Verify access after logout | D41: User has logged out | E41: Try navigating back to Products page | F41: N/A | G41: User should not continue as an authenticated session | H41: High | I41: Negative

Sheet Summary
A1: Test Execution Summary
A3: Module | B3: Total | C3: Pass | D3: Fail | E3: Blocked | F3: Not Executed
A4: Login | B4: =COUNTIF('Test Cases'!$B$2:$B$41,A4) -> 10 | C4: =COUNTIFS('Test Cases'!$B$2:$B$41,$A4,'Test Cases'!$K$2:$K$41,"Pass") -> 0 | D4: =COUNTIFS('Test Cases'!$B$2:$B$41,$A4,'Test Cases'!$K$2:$K$41,"Fail") -> 0 | E4: =COUNTIFS('Test Cases'!$B$2:$B$41,$A4,'Test Cases'!$K$2:$K$41,"Blocked") -> 0 | F4: =B4-C4-D4-E4 -> 10
A5: Products | B5: =COUNTIF('Test Cases'!$B$2:$B$41,A5) -> 8 | C5: =COUNTIFS('Test Cases'!$B$2:$B$41,$A5,'Test Cases'!$K$2:$K$41,"Pass") -> 0 | D5: =COUNTIFS('Test Cases'!$B$2:$B$41,$A5,'Test Cases'!$K$2:$K$41,"Fail") -> 0 | E5: =COUNTIFS('Test Cases'!$B$2:$B$41,$A5,'Test Cases'!$K$2:$K$41,"Blocked") -> 0 | F5: =B5-C5-D5-E5 -> 8
A6: Cart | B6: =COUNTIF('Test Cases'!$B$2:$B$41,A6) -> 8 | C6: =COUNTIFS('Test Cases'!$B$2:$B$41,$A6,'Test Cases'!$K$2:$K$41,"Pass") -> 0 | D6: =COUNTIFS('Test Cases'!$B$2:$B$41,$A6,'Test Cases'!$K$2:$K$41,"Fail") -> 0 | E6: =COUNTIFS('Test Cases'!$B$2:$B$41,$A6,'Test Cases'!$K$2:$K$41,"Blocked") -> 0 | F6: =B6-C6-D6-E6 -> 8
A7: Checkout | B7: =COUNTIF('Test Cases'!$B$2:$B$41,A7) -> 10 | C7: =COUNTIFS('Test Cases'!$B$2:$B$41,$A7,'Test Cases'!$K$2:$K$41,"Pass") -> 0 | D7: =COUNTIFS('Test Cases'!$B$2:$B$41,$A7,'Test Cases'!$K$2:$K$41,"Fail") -> 0 | E7: =COUNTIFS('Test Cases'!$B$2:$B$41,$A7,'Test Cases'!$K$2:$K$41,"Blocked") -> 0 | F7: =B7-C7-D7-E7 -> 10
A8: Logout | B8: =COUNTIF('Test Cases'!$B$2:$B$41,A8) -> 4 | C8: =COUNTIFS('Test Cases'!$B$2:$B$41,$A8,'Test Cases'!$K$2:$K$41,"Pass") -> 0 | D8: =COUNTIFS('Test Cases'!$B$2:$B$41,$A8,'Test Cases'!$K$2:$K$41,"Fail") -> 0 | E8: =COUNTIFS('Test Cases'!$B$2:$B$41,$A8,'Test Cases'!$K$2:$K$41,"Blocked") -> 0 | F8: =B8-C8-D8-E8 -> 4
A9: Total | B9: =SUM(B4:B8) -> 40 | C9: =SUM(C4:C8) -> 0 | D9: =SUM(D4:D8) -> 0 | E9: =SUM(E4:E8) -> 0 | F9: =SUM(F4:F8) -> 40
A11: Pass Rate | B11: =IF(B9=0,0,C9/B9) -> 0
A12: Note: Fill the 'Actual Result' and 'Status' columns on the Test Cases sheet; this summary updates automatically.
